sentiment,Content,Author,Date,Language,Location,Number of Likes,Number of Retweets,In Reply To,Author Name,Author Description,Author Tweets Count,Author Following Count,Author Followers Count,Author Listed Count,Author Verified,Longitude,Latitude
continuous,string,@BlackfreeNiken @Cometml @TheDailyRufgh @kettlebellz @CornellCIS @PDH_SciTechNews @datapronetwork @WeAreMarahall @JobPreference @euthman2001 @DrMattCrowson @incomepassivefx @DwarfWiz @Ivan_RodAc @Datascience__ @TurboHire @AthulAjithKumar @MikeTamir @e_arias @Rajathvgopa @analyticsinme @eVisionMedia @NewAgeHardcore @rutasdelnorte @MichaelMallari @ipfconline1 @WaterFront8 @RanjanSinha_ @IQ_mobile @BruceBixler49 @nicktadd @DS_Analytics @PQminds @my3pugs @cuongcz @Psik_Network @fikafuntimes @A4ETechnologies @theomitsa @bartman081523 @ML_Jobs_Feed @labvault @Radharox_99 @teamrework @RavitJain @_DataScienceHub @genericgranola @rohitsharma_co @daveuk4 @rasangarocks @Flexsin @MarcoSarpato @aneesmerchant @tech4raghu @ShreyasHosamane @VisPlastica @asmitty @NomadML @machinelearnflx @MoisesGamio @papakichi_bot @andresvilarino @victorysunday2k @KirkDBorne @knime @Publi_AR @milocamj @CONQ_AI @gerasimoss @MerSicra @GTRudeBoy84 @aiplustraining @davidsheardown @odsc @TechVisorNL @akhiphotography @SashaMTL,time,en es und de nl,discrete,continuous,continuous,@NewAgeHardcore @fikafuntimes @victorysunday2k,"BlackfreeNiken Comet The\ Daily\ Rufgh üëÅ‚É§ Cornell\ Bowers\ Computing\ and\ Information\ Science Philip\ D\ Hughes Data\ Professionals\ Network\ |\ DPN Ô£ø\ We\ Are\ Marshall\ ü•ã Job\ Preference Emma.O.Uthman\ Bolaji Reluctant\ Quant Dave\ Gosley WizDwarf üá≤üáΩIvan\ RodAcüá≤üáΩ Data\ science TurboHire Athul_AjithKumar Mike\ Tamir,\ PhD Emilio\ Arias Rajath\ V Analytics\ Insight Susan\ Friesen New\ Age\ Hardcore Rutas\ del\ Norte\ Per√∫ Michael\ Mallari ipfconline\ üá∫üá¶ üá∫üá¶\ The\ Human\ Learning Ranjan\ Sinha IQ\ mobile Bruce\ Bixler nicktadd David\ Sobo Pioneering\ Minds Grill-Wife Cuong\ Nguyen\ Tien Psi-k FikafuntimesüëâNancy\ Tremblayüåπ Analytics\ 4\ Everyone\ LLC Theophano\ Mitsa\ ‚ò¶Ô∏èüá¨üá∑üá∫üá∏ Bartman Machine\ Learning\ Jobs\ Feed Vault Radha\ sankaran RE‚Ä¢WORK Ravit\ Jain\ (The\ Ravit\ Show) Data\ Science\ Hub Ramsey\ Elbasheer Rohit\ Sharma David\ Mead\ Â§ßË°õ\ Á±≥Âæ∑ Domesticated\ Brain Flexsin\ Inc. Marco\ Sarpato Anees\ Merchant Raghu\ B Shreyas\ Hosamane Vis\ Plastica Aaron\ Smith Machine\ Learning\ Nomad Machine\ Learning Moises\ Gamio papakichi@bot Andres\ Vilari√±o Victory\ Sunday Kirk\ Borne KNIME Publi\ AR\ üì≤ Milo\ Camacho CONQ_AI jerry LJP;https://paper.li/TheLarryJohnPageMyBallDaily#/ GTReala Ai+\ Training Dav.id Open\ Data\ Science TechVisor akhilgopinath Dr.\ Sasha\ Luccioni\ üíªüåé‚ú®",string,continuous,continuous,continuous,continuous,False True,continuous,continuous
,meta,meta,meta,meta,meta,meta,meta,meta,meta,meta,meta,meta,meta,meta,meta,meta,meta
-2.777777778,"üéØ Muy interesante y √∫til este Glosario de T√©rminos de Data Science, de uso habitual para conocerlos de forma adecuada 

‚úÖ Algorithm
‚úÖ Analytics
‚úÖ Bias
‚úÖ Correlation
‚úÖ Data processing
‚úÖ Data sets
...
https://t.co/qRMuC2rSmj https://t.co/kUDSbup33y",@e_arias,4/22/2022 15:36,es,,1,0,,Emilio Arias,Master Big Data and BI Teacher. Stratebi CEO,9078,205,604,72,FALSE,,
-2.083333333,"Ô£ø Toxic As Marshall Islands ‚ò¢Ô∏è
#100DaysOfCode #CodeNewbie #WomenWhoCode #Programming #DataScience #AcademicTwitter #MachineLearning #Serverless #ML #IoTPL #Rstats #tech #web3 #FutureOfWork #DevOps #bigdata #CyberSecurity #code #BugBounty #BlackTechTwitter #ArtificialIntelligence https://t.co/S7UEXhuvJk https://t.co/KEWHwGEs2U",@WeAreMarahall,4/22/2022 15:40,en,,3,6,,Ô£ø We Are Marshall ü•ã,|| Evoking Marshall Law || üñã ||Eminem üìï#TrendingEminem your || üè∑ ||Career Coroner ||üßØ|| || Toe Tagging Ho Bags Since ‚Äò95 ||,3842,13,30,1,FALSE,,
4.166666667,"‚ñ∂Ô∏èMaking #MachineLearning More Accessible for Application Developers!

#AI #ML #Python #tech¬†
#data #coding #javascript¬†
#FemTech #Flutter #webdev #CodeNewbie #React #reactjs #Serverless #coding
#DEVCommunity #Linux
#100DaysOfCode¬†
#100DaysOfMLCode
 https://t.co/tJOHU8NTbc",@fikafuntimes,4/22/2022 15:24,en,,1,6,@fikafuntimes,FikafuntimesüëâNancy Tremblayüåπ,"#Founder #CEO #fikafuntimes #ClothingBrand 
#startup #influencer #shopping #freeshipping #promoüì¶üì¨

#ML #AI #VR #Tech #marketing #business  #activewear #shop‚¨áÔ∏è",18675,3741,4802,45,FALSE,,
0,¬°El √∫ltimo PERSPECTIVAS TUR√çSTICAS! https://t.co/Y0QV1RxyIn Gracias a @prensaperupe #machinelearning #tesla,@rutasdelnorte,4/22/2022 15:33,es,,0,0,,Rutas del Norte Per√∫,"Directora de AG.Rutas del Norte-Peru. publicaciones   biling√ºe,  turismo del  del Norte Peruano",1636,254,63,2,FALSE,,
4.761904762,"pyramid of awesome 
#midjourney #aiartcommunity #AIArt #AIartwork #GANart #generativeart #machinelearning #NFT #art https://t.co/vBJ4ydYgpO",@kettlebellz,4/22/2022 15:42,en,,0,0,,üëÅ‚É§,Creating text-based generative art. #aiart,1050,87,395,4,FALSE,,
-4.166666667,"invasive morphology

@midjourney #midjourney @images_ai #DigitalArt #aiartist #AIart #surrealism #machinelearning #aiartcommunity #generativeart #fantasyart https://t.co/WjeQZXL1kR",@NewAgeHardcore,4/22/2022 15:33,en,,2,1,@NewAgeHardcore,New Age Hardcore,AI driven art experiments from inside the Latent Legendarium‚Ñ¢,309,99,531,10,FALSE,,
-4.166666667,"invasive morphology

@midjourney #midjourney @images_ai #DigitalArt #aiartist #AIart #surrealism #machinelearning #aiartcommunity #generativeart #fantasyart https://t.co/P33Y5GHXu9",@NewAgeHardcore,4/22/2022 15:29,en,,4,2,,New Age Hardcore,AI driven art experiments from inside the Latent Legendarium‚Ñ¢,309,99,531,10,FALSE,,
0,a studio portrait photograph of a face.  https://t.co/78PxqANby9 https://t.co/4rQrKOCHLO                                                           #AIart #GenerativeArt #MachineLearning #jetsonnano https://t.co/GtA61BImaF,@VisPlastica,4/22/2022 15:14,en,,0,1,,Vis Plastica,"I am experimental AI generative art running 24/7 on a tiny PC, a painting every ~5 hours. Currently making face collage/photomontages with animals.",427,107,32,1,FALSE,,
0,"What's the roadmap for ML ?

#MachineLearning",@AthulAjithKumar,4/22/2022 15:37,en,,1,0,,Athul_AjithKumar,,67,88,18,0,FALSE,,
2.127659574,"Using a combination of #MachineLearning and optimization modeling to provide hour-by-hour analysis of #newyorkstate's energy needs, @CornellEng and @AtkinsonCenter have developed a powerful #AI tool to help the transition to carbon neutrality. #CornellAI

https://t.co/06hyerirVn https://t.co/q36kUIzGeT",@CornellCIS,4/22/2022 15:42,en,,1,1,,Cornell Bowers Computing and Information Science,"The Cornell Ann S. Bowers College of Computing and Information Science-Integrating the ideas, technology & modes of thought of computing and information science",2064,281,5114,54,FALSE,,
0,Unsere IQ mobile marketing Daily News wurden publiziert. Lest mal rein! https://t.co/JSPjy5z1P3 Vielen Dank an @RobertmaynardJr #ai #machinelearning,@IQ_mobile,4/22/2022 15:29,de,,0,0,,IQ mobile,IQ mobile is the task force for all mobile technologies and communication solutions!,5344,1141,987,149,FALSE,,
7.407407407,"UIC launches online master's program in artificial intelligence, machine learning - UIC Today - Follow @A4ETechnologies for more info #ai #machinelearning https://t.co/5f9THBH3Gi",@A4ETechnologies,4/22/2022 15:23,en,,0,0,,Analytics 4 Everyone LLC,Analytics 4 Everyone LLC is US-based software company that provides data analytics solutions.,5064,11,19,0,FALSE,,
4.444444444,"Today is my first board meeting as a member of the @WiMLworkshop board of directors!
I'm so excited to contribute to this community, and to  help women build their voice and their confidence in the field of #machinelearning 
üë©‚Äçüíªüë©‚Äçüéìüë©‚Äçüíºüë©‚Äçüî¨üë©‚Äçüé®üë©‚Äçüè´üßïüë≥‚Äç‚ôÄÔ∏èüë±‚Äç‚ôÄÔ∏èüë©‚ÄçüöÄ",@SashaMTL,4/22/2022 15:07,en,,14,1,,Dr. Sasha Luccioni üíªüåé‚ú®,"Research Scientist @HuggingFace, studying the societal and ethical impacts of AI. @NatGeo explorer. Formerly @Mila_Quebec.
Scientia Potentia Est ‚Ä¢ She/her/Dr.",4680,1863,4454,73,FALSE,,
0,The latest arksolad digest! https://t.co/9B55lz8uUo Thanks to @LiveLearningApp #ai #machinelearning,@euthman2001,4/22/2022 15:39,en,,0,0,,Emma.O.Uthman Bolaji,"Rev.Dr. Emmanuel O. Uthman Bolaji, President DCM Inc USA, Senior Pastor Disciples Bible Church Nig. President Leadership Ministerial Bible Institute, An Author.",3806,745,427,12,FALSE,,
0,The latest The nick tadd Daily - oh yes.! https://t.co/Vr2nt560hj Thanks to @NAPFA @RottDawg #ai #machinelearning,@nicktadd,4/22/2022 15:28,en,,0,1,,nicktadd,Landlord and exponent of technology to further learning and visibility... I also like wildlife photography,35129,13831,12841,399,FALSE,,
0,The latest The machine learning Daily! https://t.co/vdS9D5eh2C #ai #machinelearning,@MarcoSarpato,4/22/2022 15:18,en,,0,0,,Marco Sarpato,"Cerco di intrecciare e-learning, media education, cinema e comunicazione responsabile in un unico grande progetto.",5308,407,197,250,FALSE,,
0,The latest The larryjohnpage Daily! https://t.co/BgHrxmTU4F Thanks to @rscibetti #machinelearning #sportsasmore,@MerSicra,4/22/2022 15:08,en,,0,0,,LJP;https://paper.li/TheLarryJohnPageMyBallDaily#/,"I was Spoono, the cyrix chip used.E.N.N.person neg.-TheJeeneBraaveSportsClubljp-loveisNeedasWant-the family is there by law-the government and One Dot Painting.",97615,4926,3382,51,FALSE,,
0,The latest The Underwriting Daily! https://t.co/DvBpHcUo7P #ai #machinelearning,@akhiphotography,4/22/2022 15:07,en,,0,0,,akhilgopinath,UI/UX designer and a travel photographer @ newyork,4510,223,508,46,FALSE,,
0,The latest The Supply chain management Daily! https://t.co/hAxeUsKpl6 #ai #machinelearning,@RanjanSinha_,4/22/2022 15:29,en,,0,0,,Ranjan Sinha,"CEO with 24 years of experience in #InternationalMaritimeLogistics,#supplychain #Portoperations #projectmanagement Currently associated with  #IPA ERP project.",16884,2495,1823,295,FALSE,,
0,The latest The Daily Rufgh! https://t.co/u4plYrpuri Thanks to @Sikhandin @jilevin #ai #machinelearning,@TheDailyRufgh,4/22/2022 15:42,en,,0,0,,The Daily Rufgh,"Live, Loco, Real...The Daily Rufgh",11968,790,80,0,FALSE,,
0,The latest The Business &amp; Entrepreneur Express! https://t.co/iRjNEwsn1B Thanks to @moretime4u2 #ai #machinelearning,@eVisionMedia,4/22/2022 15:34,en,,0,0,,Susan Friesen,"Sharing tips on Digital Marketing, Websites, Branding & Social Media. 20 yrs experienced as a Web Developer & Marketing Consultant + Wife, Mother & Chocoholic",45366,6737,7238,559,FALSE,,
0,The latest The Bruce Bixler Daily! https://t.co/82TYMQBSIE #ai #machinelearning,@BruceBixler49,4/22/2022 15:28,en,,0,0,,Bruce Bixler,LinkedIn Education & Training | Speaker | Podcaster CEO https://t.co/TOaCPkapAu | Remote Executive Profiles | Social Media Marketing | https://t.co/bQYeCk3cBv,18693,2968,4237,303,FALSE,,
0,The latest Just Five Mins -  https://t.co/Nn0uqavz3a Thanks to @kaimollel #ai #machinelearning,@davidsheardown,4/22/2022 15:08,en,,0,0,,Dav.id,,7712,653,172,48,FALSE,,
0,The latest It's all about the Data! https://t.co/RvqHVJQrTM Thanks to @datagenius @MarTechSeries #ai #machinelearning,@daveuk4,4/22/2022 15:18,en,,0,0,,David Mead Â§ßË°õ Á±≥Âæ∑,A navel gazing sales director using data solutions to solve real world problems.  I am expressing my own thoughts & not my companies,11786,974,493,0,FALSE,,
-5.555555556,The latest Global Passive Income! https://t.co/eaajb8xWfL Thanks to @BrexitCon @tim_fargo @alex_greystoke #ai #machinelearning,@incomepassivefx,4/22/2022 15:38,en,,0,0,,Dave Gosley,#globalpassiveincome #passive #income #interest #UK #Spain #Europe #business #opportunity #investors #homebusiness #worldwide #MLMopportunity,5404,7771,28361,70,FALSE,,
0,"The definition of art is subjective and #DigitalArt has become more and more common. Join us April 26th for a conversation about creativity in #DataScience and #MachineLearning to hear from Ryan Murdock, Quinn Keck, and Stefania Druga. 

Register here: https://t.co/pFexo9tu34",@Cometml,4/22/2022 15:44,en,,0,0,,Comet,"Comet provides a meta machine learning platform that enables data scientists & teams to track, compare, explain, & optimize their experiments.",1897,531,1512,54,FALSE,,
0,"Test-drive development (TDD), a use case
https://t.co/nRIHU3jW6a
#tdd #java #testautomation #hashing #algorithms #programming #javascript #pythoncode #MachineLearning",@MoisesGamio,4/22/2022 15:12,en,,0,2,,Moises Gamio,Sofware Developer | Writer on https://t.co/l0zfJRNVGr | Writer on https://t.co/QLoihZZsAe | Entrepreneur | Real Estate Investor,1518,47,35,2,FALSE,,
2.380952381,"StreamOn‚ñ∂Ô∏è ActiveüîÅRetweet Spotify

ü§ùhttps://t.co/OX4MXiNIVJ

üëçhttps://t.co/L9C9M0AjPD

#Python #100DaysOfCode #CodeNewbies #flutter #WomenWhoCode #DEVCommunity #DevOps #code #Coding #LearnToCode #DataAnalytics #DataScience #MachineLearning #AI #programming #GirlsWhoCode #ROSE",@victorysunday2k,4/22/2022 15:11,en,,1,2,@victorysunday2k,Victory Sunday,ùïãùï£ùï™ ùï•ùï† ùïûùïíùïúùïñ ùï™ùï†ùï¶ùï£ùï§ùïñùïùùïó ùï¶ùï§ùïñùïóùï¶ùïù ùï†ùïüùïîùïñ ùïöùïü ùïí ùïùùïöùïóùïñ ùï•ùïöùïûùïñ ?,1120,320,381,0,FALSE,,
2.631578947,Shandong Institute of Advanced Technology is looking for a postdoctoral scholar to join the thermal science center and use #machinelearning combined with #atomistic simulations to predict novel materials with targeted #thermal and electronic properties... https://t.co/wwhp9Fu3tS https://t.co/LWqcoQ9eGY,@Psik_Network,4/22/2022 15:25,en,,0,1,,Psi-k,"Psi-k is a network, co-ordinated by a series of working groups, to help build cooperation in the field of electronic structure calculations",2215,1876,2730,19,FALSE,,
-2.631578947,"See why @MySQL Heatwave #ML is lauded as ""a game changer for #MachineLearning capabilities"" by @databaseguru, research vice president of data management software, @IDC. Read the blog. https://t.co/TfF4mnqcg1 https://t.co/bPBK7xAJ18",@my3pugs,4/22/2022 15:25,en,,0,0,,Grill-Wife,,1339,230,50,3,FALSE,,
6.666666667,SageMaker Serverless Inference Is Now Generally Available https://t.co/RjwsXi6vek #ml #machinelearning #ai #artificialintelligence,@labvault,4/22/2022 15:21,en,,0,0,,Vault,Follow us on @KnowlabIN for interesting contents.,16454,0,60,1,FALSE,,
-14.28571429,"Researcher develops new tool for understanding hard computational problems that appear intractable
 
Via @physorg_com
 
#DevOps #MachineLearning #DataVisualisation
 
https://t.co/UGhIr8POIF",@_DataScienceHub,4/22/2022 15:20,en,,0,0,,Data Science Hub,"Data Science Hub: A bot written in python dedicated to news and research from the worlds of Data Science, AI and Machine Learning. Authored by @meetjamesallen",1104,427,337,0,FALSE,,
0,"Real-time machine learning: challenges and solutions https://t.co/mwz2plU8JQ
#AI #DeepLearning #MachineLearning #DataScience https://t.co/vIQ81fS0Dy",@MikeTamir,4/22/2022 15:37,en,,5,0,,"Mike Tamir, PhD","Head of #MachineLearning #AI at SIG & UC Berkeley Faculty Former head of #DataScience at #Uber ATG (tweets are my own) #DeepLearning, #FakerFact",8252,53,34278,1272,FALSE,,
0,RT 5 Must-Have Machine Learning Books in 2022 https://t.co/1CHeWJ3g7E #handsonlearning #python #books #machinelearning #readingbooks https://t.co/bPEG4f3vbk,@DrMattCrowson,4/22/2022 15:39,en,,0,1,,Reluctant Quant,Hearing & Balance Surgeon @MassEyeAndEar Asst Professor @HarvardMed | #DataScience #MachineLearning | Washed up #HockeyGoalie,35133,2001,1035,51,FALSE,,
0,"RR 155/0 after 15 overs. Should get to at least 218 from here.

#DelhiCapitals #RajasthanRoyals #DCvRR #RRvDC #MachineLearning #IPL2022",@ShreyasHosamane,4/22/2022 15:14,en,,0,0,,Shreyas Hosamane,Cricket & Football Analysis ‚ù§Ô∏èÔ∏è | UC Davis Class of 2020,311,2,5,0,FALSE,,
7.142857143,"Prove your #MachineLearning credentials with ODSC‚Äôs machine learning certification, featuring 8 weeks of expert-led, on-demand training sessions from some of the best and brightest minds in #DataScience. 
Sign up now: https://t.co/lEfvxMQ0G1 https://t.co/hFS7Wc3meU",@aiplustraining,4/22/2022 15:08,en,,0,0,,Ai+ Training,Your one - stop source for Data Science Training,2375,69,1349,9,FALSE,,
7.142857143,"Prove your #MachineLearning credentials with ODSC‚Äôs machine learning certification, featuring 8 weeks of expert-led, on-demand training sessions from some of the best and brightest minds in #DataScience. 
Sign up now: https://t.co/acY99OzIzo https://t.co/OE6z93sh2X",@odsc,4/22/2022 15:08,en,,1,0,,Open Data Science,Bringing together the global data science community to help foster the exchange of innovative ideas and encourage the growth of open source software.,58914,27432,92601,0,FALSE,,
0,"Now it's time to step up the game in #banking and #financialservices and tackle a whole new set of use cases by incorporating #artificialintelligence (AI) and #machinelearning (ML) models into your automation! Join the @UiPath &amp; @Efma webinar on April 27.

https://t.co/CUeZk4i94R",@Rajathvgopa,4/22/2022 15:35,en,,0,0,,Rajath V,Helping companies run simple through innovative technologies. #fitnessjunkie #basketballplayer,3899,341,41,1,FALSE,,
0,"New eBook coming soon. Check out our eBook library here üòç https://t.co/80EYFarOtF 

...
#MachineLearning #DataScience #100DaysOfCode #Python #Cybersecurity #BigData #AI #DeepLearning #ArtificialIntelligence #NLP #robots #Industry40 #tech #DEVCommunity #javascript #TechnoSupport https://t.co/jkpwuYtHr6",@TurboHire,4/22/2022 15:38,en,,0,6,,TurboHire,World's leading recruitment automation software. Let's give you a free demo of our portal? ‚¨áÔ∏è,1053,114,735,1,FALSE,,
3.846153846,"NEED a #JOB?
Sign up now https://t.co/o7lVlsl75X
FREE. NO MIDDLEMAN
#ArtificialIntelligence #MachineLearning #Python #DataScience #innovation #IoT #Industry40 #DigitalMarketing #CyberSecurity #bot #coding #NodeJS #javascript #django #100DaysOfCode #Tech #programming #BTC #NFT #AI https://t.co/3yGXca9RdL",@JobPreference,4/22/2022 15:20,en,,5,14,,Job Preference,"You Don't Need a middleman to find a decent #Job or #Hiring the right #People .
Sign up now for https://t.co/wrZVordoSH
FREE OF CHARGE",49153,604,1344,52,FALSE,,
3.846153846,"NEED a #JOB?
Sign up now https://t.co/o7lVlsCHXv
FREE. NO MIDDLEMAN
#ArtificialIntelligence #MachineLearning #Python #DataScience #innovation #IoT #Industry40 #DigitalMarketing #CyberSecurity #bot #coding #NodeJS #javascript #django #100DaysOfCode #Tech #programming #BTC #NFT #AI https://t.co/s2zeYY51JC",@JobPreference,4/22/2022 15:30,en,,1,6,,Job Preference,"You Don't Need a middleman to find a decent #Job or #Hiring the right #People .
Sign up now for https://t.co/wrZVordoSH
FREE OF CHARGE",49153,604,1344,52,FALSE,,
3.846153846,"NEED a #JOB?
Sign up now https://t.co/o7lVlsCHXv
FREE. NO MIDDLEMAN
#ArtificialIntelligence #MachineLearning #Python #DataScience #innovation #IoT #Industry40 #DigitalMarketing #CyberSecurity #bot #coding #NodeJS #javascript #django #100DaysOfCode #Tech #programming #BTC #NFT #AI https://t.co/XbKUSrwYWi",@JobPreference,4/22/2022 15:10,en,,3,5,,Job Preference,"You Don't Need a middleman to find a decent #Job or #Hiring the right #People .
Sign up now for https://t.co/wrZVordoSH
FREE OF CHARGE",49153,604,1344,52,FALSE,,
3.846153846,"NEED a #JOB?
Sign up now https://t.co/o7lVlsCHXv
FREE. NO MIDDLEMAN
#ArtificialIntelligence #MachineLearning #Python #DataScience #innovation #IoT #Industry40 #DigitalMarketing #CyberSecurity #bot #coding #NodeJS #javascript #django #100DaysOfCode #Tech #programming #BTC #NFT #AI https://t.co/8us3MHjXhY",@JobPreference,4/22/2022 15:40,en,,1,6,,Job Preference,"You Don't Need a middleman to find a decent #Job or #Hiring the right #People .
Sign up now for https://t.co/wrZVordoSH
FREE OF CHARGE",49153,604,1344,52,FALSE,,
0,Machine Learning with Python https://t.co/fetV0jpPjv  #machinelearning #datascience #bigdata #AI #learning #elearning #ad,@machinelearnflx,4/22/2022 15:12,en,,2,0,,Machine Learning,"Everything about #MachineLearning, #DeepLearning  #AI  #Bigdata  #Analytics #DataMining, #DataScience",485583,36182,125832,2587,FALSE,,
-1.818181818,"Live from AI in Regtech: Harry Mendell, Data Architecture at Federal Reserve Bank of New York covers: 
‚Ä¢  Business Problem: BSA/AML 
‚Ä¢ Application of AI/ML/NLP 
‚Ä¢ Language models and how word embedding changed everything! 
#reworkAI #AIFinance #AIRegTech #MachineLearning #AI https://t.co/UNvAxJturB",@teamrework,4/22/2022 15:20,en,,0,1,,RE‚Ä¢WORK,"Supporter of #WomeninSTEM, #WomeninAI and #DiversityinSTEM

We create events & produce industry-leading content surrounding #AppliedAI, #DeepLearning & more.",18554,7255,7883,1013,FALSE,,
0,"Join us April 22nd to hear from a panel of our tech leaders about Capital One‚Äôs #Data and #MachineLearning journey: where we started, where we are, and where we‚Äôre going. #hiring https://t.co/lIeDLrmmIk https://t.co/gMUNwJgNET",@Radharox_99,4/22/2022 15:21,en,,0,0,,Radha sankaran,"Passionate techie, wife, mom, loves music and dance. Exec Dir @verizon",86,152,51,0,FALSE,,
1.923076923,"It was a bliss participating in this (hopefully first of many) annotation events (yes, we create datasets) and also talk about the latest things going on in #MachineLearning and #NLProc. üôè to @SophiaAmico @CatalinaGoanta @ThalesBertaglia @danaesavi + the students attending https://t.co/GDEmySki4P",@gerasimoss,4/22/2022 15:08,en,,3,2,,jerry,"he/him, assist. prof. @MaastrichtU data miner+machine learner,‚òï addict,üì∫ üé¨ binge-watcher, #avgeek ‚úàÔ∏è, G&Tüç∏, proud geek- views my own",3052,921,831,29,FALSE,,
0,"Indeed is looking for a Data Science Manager - Jobseeker Profile
https://t.co/7UmrZVBiSL Multiple locations, United States
( Cpp  Python  ML  UX ) 
#machinelearning #Cpp",@ML_Jobs_Feed,4/22/2022 15:23,en,,1,1,,Machine Learning Jobs Feed,"An automated feed featuring Machine Learning, AI & Deep Learning Jobs!",9452,0,256,1,FALSE,,
4.166666667,I've just updated my webpage with some great articles. Check it out https://t.co/pkrsBPtkSL Special thanks to @PartnersNFT #ai #machinelearning,@asmitty,4/22/2022 15:13,en,,0,0,,Aaron Smith,Head of Product & Services Marketing. #HBCU made heterodox.,13564,1991,805,100,FALSE,,
5.263157895,I've just updated my webpage with some great articles. Check it out https://t.co/KQHIqRHGdW #ai #machinelearning,@rohitsharma_co,4/22/2022 15:18,en,,0,0,,Rohit Sharma,"Welcome to my Twitter. 
Be the type of person you want to meet.",1446,41,1413,3,FALSE,,
3.571428571,I've just updated my webpage with some great articles. Check it out https://t.co/4euIu1GCAw Special thanks to @MarcoDalPino @DK_tula @cisinphx #ai #machinelearning,@DwarfWiz,4/22/2022 15:38,en,,0,0,,WizDwarf,"We paint the world  
Other worlds exist beyond the stars‚Äî
More tests of love are still to come.",1651,216,42,4,FALSE,,
4.347826087,How to generate smart games using machine learning? - Analytics Insight - Follow @A4ETechnologies for more info #ai #machinelearning https://t.co/aUZ1PR7DEk,@A4ETechnologies,4/22/2022 15:23,en,,0,0,,Analytics 4 Everyone LLC,Analytics 4 Everyone LLC is US-based software company that provides data analytics solutions.,5064,11,19,0,FALSE,,
3.448275862,"How to generate smart games using machine learning?
https://t.co/q4qOxhlsRY
#MachineLearning #MachineLearningAlgorithms #MachineLearningTechnologies #MachineLearningNPC #MachineLearningProcessors #MLAlgorithms #MLTechnologies #AINews #AnalyticsInsight #AnalyticsInsightMagazine https://t.co/squ7R1y6Z7",@analyticsinme,4/22/2022 15:34,en,,1,0,,Analytics Insight,"Analytics Insight features news and insights on business intelligence, analytics and data management, including big data, IoT, cloud computing, and more.",15030,3976,9374,131,FALSE,,
0,How to Make Artistic Images with Neural Style Transfer https://t.co/S2vnLsMfgH #ml #machinelearning #ai #artificialintelligence,@labvault,4/22/2022 15:21,en,,0,0,,Vault,Follow us on @KnowlabIN for interesting contents.,16454,0,60,1,FALSE,,
0,"How To Use R for Research

https://t.co/Y67ScyqsBm

#BigData #research #Analytics #DataScience #AI #MachineLearning #IoT #IIoT #Python #RStats #TensorFlow #Java #JavaScript #ReactJS #cloudcomputing #WomenWhoCode #Serverless #DataScientist #Coding #100DaysofCode #udemy",@BlackfreeNiken,4/22/2022 15:44,en,,0,5,,BlackfreeNiken,Course Free Coupon  Discount,1616,276,332,12,FALSE,,
0,"Harnessing The Power Of AI For Women Around The World #AI #ArtificialIntelligence #MachineLearning #PioneeringMinds
https://t.co/cFUm0OxGcz",@PQminds,4/22/2022 15:25,en,,0,0,,Pioneering Minds,"Pioneering Minds provides you news, influencers, events, organizations, patents & skills in new emerging fields in science, technology, business & government.",5517,52,290,11,FALSE,,
6.25,Get Uncertainty Estimates in Neural Networks for Free https://t.co/XkrRbe9xcM #ml #machinelearning #ai #artificialintelligence,@labvault,4/22/2022 15:21,en,,0,0,,Vault,Follow us on @KnowlabIN for interesting contents.,16454,0,60,1,FALSE,,
0,Fontys Hogeschool ICT: Technofilosofie in de praktijk is denken √©n doen https://t.co/U7GUjO9owm #FontysHogeschoolICT #ArtificialIntelligence #MachineLearning #KunstmatigeIntelligentie #AI,@TechVisorNL,4/22/2022 15:07,nl,,0,0,,TechVisor,Platform voor actualiteit en achtergrond informatie over de ontwikkelingen en stand van zaken in de (inter)nationale #tech industrie.,108084,949,1715,75,FALSE,,
-3.225806452,"Fixing Bug in your Code, what are your thoughts?üöÄ

#machinelearning #data #datascience #100DaysOfCode #pythonbot #python #ai #aibot #66daysofdata #theravitshow https://t.co/YAhZTKFgXR",@RavitJain,4/22/2022 15:20,en,,1,0,,Ravit Jain (The Ravit Show),"Head Community Evangelist | Founder & Host of The Ravit Show | Ask me about Tech Books üìò | Love to share Data Science/AI resources | Join us on Slack, Telegram",890,3195,1339,26,FALSE,,
3.846153846,"Day 2: To get a gentle introduction to Neural Networks, here is a good article which explains backward propagation.

#MachineLearning
#100DaysOfMLCode

https://t.co/fTWlMRPHjE",@tech4raghu,4/22/2022 15:15,en,,0,0,,Raghu B,"Tech Enthusiast, Developer/Architect.
Microservies, Cloud, Machine Learning",34,74,7,0,FALSE,,
2.5,"Data Structures and Algorithms Made Easy: Data Structures and Algorithmic Puzzles

Link - https://t.co/wIA5c6EXfE

#Algorithms #100DaysOfCode #CodeNewbies #WomenWhoCode #DEVCommunity #DevOps #Coding #LearnToCode #DataAnalytics #DataScience #MachineLearning #AI #programming",@rasangarocks,4/22/2022 15:18,en,,3,15,,Domesticated Brain,This is the official twitter account for web site called Domesticated Brain. We are sharing various kinds of #computer #tutorials and latest #technology news.,27500,53110,54318,638,FALSE,,
0,"DCMS spent 75% more on data scientists in 2021 https://t.co/tx7k6Yzks6 #AI #MachineLearning #DataScience #ArtificialIntelligence

Trending AI/ML Article Identified &amp; Digested via Granola; a Machine-Driven RSS Bot by Ramsey Elbasheer https://t.co/lJPbP1ydP0",@genericgranola,4/22/2022 15:19,en,,0,1,,Ramsey Elbasheer,I'm a generic reference utility bot that aggregates trending and emerging AI/ML news via RSS monitoring & weighted user-interaction,26741,13,283,7,FALSE,,
0,DCMS spent 75% more on data scientists in 2021 https://t.co/Py5s8apHQE #ML #AI #MachineLearning #ArtificialIntelligence #DataScience #Python,@NomadML,4/22/2022 15:13,en,,1,0,,Machine Learning Nomad,ML & Crypto. BSc Maths & Physics. MSc CS. Ju Jitsu wizard. https://t.co/AdZuGthEud #AI #machinelearning  #crypto #ETH #BTC #LUNA #VET #FTM,6294,2397,657,14,FALSE,,
0,"Composite #AI Use Cases:
1) Retail: https://t.co/vQV1DzLTZW
2) Healthcare: https://t.co/QQWXeHeSD3
3) Sports: https://t.co/BLfPZj2gVP
by @SASsoftware 
‚Äî‚Äî‚Äî‚Äî‚Äî
#SASVisionary #BigData #Analytics #DataScience #MachineLearning #Statistics #DecisionScience #ORMS https://t.co/rF7NqM9RdG",@KirkDBorne,4/22/2022 15:11,en,,4,2,,Kirk Borne,"Data Scientist, Chief ScienceOfficer @DataPrime_ai. Global Speaker. Founder @LeadershipData. Top #BigData #DataScience #AI #IoT #ML Influencer. PhD Astrophysics",151543,8577,307193,8706,TRUE,,
0,"Bristol Myers Squibb is looking for a Principal Scientist, Next Generation Medicine Design
https://t.co/Nkuu9V60hm Redwood City, CA, United States
( Cpp  Python  Health  Simulation  ML  AI ) 
#machinelearning #Simulation",@ML_Jobs_Feed,4/22/2022 15:23,en,,0,0,,Machine Learning Jobs Feed,"An automated feed featuring Machine Learning, AI & Deep Learning Jobs!",9452,0,256,1,FALSE,,
5.882352941,Artificial Empathy with AI | #ai #ArtificialIntelligence #MachineLearning #tech @wef  @CONQ_AI  https://t.co/xsFEyzZalQ https://t.co/vgQLrwTtGH,@CONQ_AI,4/22/2022 15:09,en,,1,0,,CONQ_AI,CONQ transforms information to insights for a measurable business impact. CONQuer your data 20X faster & 100X deeper. AI for everyone.,22,17,6,0,FALSE,,
0,"Accelerate your migration and modernization with future-ready Microsoft Azure cloud solutions.

üëâ Read more: https://t.co/6QdRThTunb

#microsoft #azure #cloud #cloudsolutions #office365 #cloudcomputing #artificialIntellignce #machinelearning #devops #blockchain #analytics https://t.co/3fZeYyfrWP",@Flexsin,4/22/2022 15:18,en,,0,1,,Flexsin Inc.,Flexsin is a leading software development company catering innovative technology consulting and IT outsourcing services for SMEs and enterprises.,1978,2113,5774,155,FALSE,,
2.702702703,"AM Best Assigns Credit Ratings to Selecta Insurance and Reinsurance Company (Caribbean) Ltd. - Business Wire https://t.co/6S61aRJKaG.

#DataScience #MachineLearning #DeepLearning #Insurance #NLP #Robots #AI #IoT #BigData",@DS_Analytics,4/22/2022 15:25,en,,0,1,,David Sobo,Empowering organisations BIG & small in the use of #analytics for competitive advantage. @SASSoftwareUK #ML #DL #NLP #IoT #AI #calculator #abacus Views my own..,32114,4365,4862,48,FALSE,,
0,"AM Best Affirms Credit Ratings of Tower Limited - Business Wire https://t.co/ljfRtJV3Vt

#DataScience #MachineLearning #DeepLearning #Insurance #NLP #Robots #AI #IoT #BigData",@DS_Analytics,4/22/2022 15:25,en,,1,1,,David Sobo,Empowering organisations BIG & small in the use of #analytics for competitive advantage. @SASSoftwareUK #ML #DL #NLP #IoT #AI #calculator #abacus Views my own..,32114,4365,4862,48,FALSE,,
0,A machine learning model that could identify antibody targets - Drug Target Review https://t.co/oeg3DtUOjx #machinelearning #ai #technology https://t.co/ZqEdESkbj3,@milocamj,4/22/2022 15:09,en,,0,0,,Milo Camacho,"Never stop #learning and #adapting, the day you do you are ready to die!",159383,49,2656,1258,FALSE,,
0,A Simple Guide to Machine Learning Visualisations https://t.co/jYEDlzwCVH  #MachineLearning,@Datascience__,4/22/2022 15:38,en,,2,0,,Data science,All about #DataScience #MachineLearning #DeepLearning #AI #DataMining  #Bigdata #Analytics,253208,13037,26628,472,FALSE,,
-4,5 Must-Have Machine Learning Books in 2022 https://t.co/OImdIbg17L #WeWantData #Data #Insights #Cloud #News #Analysis #AI #MachineLearning https://t.co/UfEYKYReNF,@datapronetwork,4/22/2022 15:40,en,,0,0,,Data Professionals Network | DPN,"Data Professionals Network (DPN) connects & champions data, research & intelligence professionals worldwide.",72730,915,565,24,FALSE,,
0,3 libros #indispensables de #machinelearning el d√≠a del #libro #santjordy https://t.co/dzjdKrwtKV,@WaterFront8,4/22/2022 15:31,es,,1,0,,üá∫üá¶ The Human Learning,My name is Bruno. I am #opentowork,7213,1297,306,1,FALSE,,
0,"$ITOX  &amp; $PLTR holding up great on a trash Friday for the markets. #iiot #machinelearning #ai #SupplyChains #smartmanufacturing
$TSM $QCOM $IBM $MU $INTC $MSFT $GOOG $AMZN $IBM $TSLA $NVDA $TWTR",@GTRudeBoy84,4/22/2022 15:08,en,,1,2,,GTReala,I was born to make money trading stocks.,1757,1531,870,23,FALSE,,
2.5,"#aiart #digitalart #machinelearning technique: #latent #diffusion #laion
prompt: nature scene, winter, sunrise, by Claude Monet (royaltyfree)
global seed: 6172
diffusion steps: 50
resolution: 384x256 https://t.co/ZbKPrVOFvZ",@bartman081523,4/22/2022 15:23,en,,1,0,,Bartman,,937,104,119,7,FALSE,,
0,"#ai #ml #artificialintelligence #machinelearning #datascience #bigdata #analytics #blockchain #tech #data @kuriharan @mvollmer1 @rwang0 @DunkenKBliths @nigewillson
Splatoon 3 takes over Xenoblade‚Äôs September release date https://t.co/nKm1YFXMOc",@cuongcz,4/22/2022 15:25,en,,0,1,,Cuong Nguyen Tien,#BigData | #Analytics | #Finance | #AI | #MachineLearning | #Startup | Ex-IBMer | Speaker | üáªüá≥‚û°Ô∏èüá®üáø‚û°Ô∏èüá´üáÆ‚û°Ô∏èüá∫üá∏ | @LFC‚öΩÔ∏è| tweets are my own,19129,230,371,46,FALSE,,
-2.222222222,"#ai #ml #artificialintelligence #machinelearning #datascience #bigdata #analytics #blockchain #tech #data @Nicochan33 @TrippBraden @Paula_Piccard @haroldsinnott @sallyeaves
The First ‚ÄòWonderlands‚Äô DLC Is A Far Cry From ‚ÄòBorderlands‚Äô DLC https://t.co/L5EutWBpED",@cuongcz,4/22/2022 15:15,en,,0,0,,Cuong Nguyen Tien,#BigData | #Analytics | #Finance | #AI | #MachineLearning | #Startup | Ex-IBMer | Speaker | üáªüá≥‚û°Ô∏èüá®üáø‚û°Ô∏èüá´üáÆ‚û°Ô∏èüá∫üá∏ | @LFC‚öΩÔ∏è| tweets are my own,19129,230,371,46,FALSE,,
2.272727273,"#ai #ml #artificialintelligence #machinelearning #datascience #bigdata #analytics #blockchain #tech #data @Nicochan33 @TrippBraden @Paula_Piccard @haroldsinnott @sallyeaves
Searching For First City To Implement 12 Best Motoring-Reduction Measures Ranked ‚Ä¶ https://t.co/Ql8JiSMoAA",@cuongcz,4/22/2022 15:15,en,,0,0,,Cuong Nguyen Tien,#BigData | #Analytics | #Finance | #AI | #MachineLearning | #Startup | Ex-IBMer | Speaker | üáªüá≥‚û°Ô∏èüá®üáø‚û°Ô∏èüá´üáÆ‚û°Ô∏èüá∫üá∏ | @LFC‚öΩÔ∏è| tweets are my own,19129,230,371,46,FALSE,,
0,"#ai #ml #artificialintelligence #machinelearning #datascience #bigdata #analytics #blockchain #tech #data @Nicochan33 @TrippBraden @Paula_Piccard @haroldsinnott @sallyeaves
Legal Consequences For Covid Monitoring Emerging https://t.co/j6ZjtTkMC2",@cuongcz,4/22/2022 15:15,en,,0,0,,Cuong Nguyen Tien,#BigData | #Analytics | #Finance | #AI | #MachineLearning | #Startup | Ex-IBMer | Speaker | üáªüá≥‚û°Ô∏èüá®üáø‚û°Ô∏èüá´üáÆ‚û°Ô∏èüá∫üá∏ | @LFC‚öΩÔ∏è| tweets are my own,19129,230,371,46,FALSE,,
0,"#ai #ml #artificialintelligence #machinelearning #datascience #bigdata #analytics #blockchain #tech #data @Nicochan33 @TrippBraden @Paula_Piccard @haroldsinnott @sallyeaves
Insights From The Front Lines Of Building Feature Engineering Infrastructure https://t.co/AbarV4MGyZ",@cuongcz,4/22/2022 15:15,en,,0,0,,Cuong Nguyen Tien,#BigData | #Analytics | #Finance | #AI | #MachineLearning | #Startup | Ex-IBMer | Speaker | üáªüá≥‚û°Ô∏èüá®üáø‚û°Ô∏èüá´üáÆ‚û°Ô∏èüá∫üá∏ | @LFC‚öΩÔ∏è| tweets are my own,19129,230,371,46,FALSE,,
2.702702703,"#ai #ml #artificialintelligence #machinelearning #datascience #bigdata #analytics #blockchain #tech #data @Nicochan33 @TrippBraden @Paula_Piccard @haroldsinnott @sallyeaves
ESG Reporting Just Got Much More Important https://t.co/TVupIz5oBm",@cuongcz,4/22/2022 15:15,en,,0,0,,Cuong Nguyen Tien,#BigData | #Analytics | #Finance | #AI | #MachineLearning | #Startup | Ex-IBMer | Speaker | üáªüá≥‚û°Ô∏èüá®üáø‚û°Ô∏èüá´üáÆ‚û°Ô∏èüá∫üá∏ | @LFC‚öΩÔ∏è| tweets are my own,19129,230,371,46,FALSE,,
-2.5,"#ai #ml #artificialintelligence #machinelearning #datascience #bigdata #analytics #blockchain #tech #data @Nicochan33 @TrippBraden @Paula_Piccard @haroldsinnott @sallyeaves
Driving Curiosity And Contextual Power For Value And Risk Analysis https://t.co/PBePeLJsXJ",@cuongcz,4/22/2022 15:15,en,,0,0,,Cuong Nguyen Tien,#BigData | #Analytics | #Finance | #AI | #MachineLearning | #Startup | Ex-IBMer | Speaker | üáªüá≥‚û°Ô∏èüá®üáø‚û°Ô∏èüá´üáÆ‚û°Ô∏èüá∫üá∏ | @LFC‚öΩÔ∏è| tweets are my own,19129,230,371,46,FALSE,,
0,"#Transformaci√≥nDigital
#MarketingDigital #MarketingM√≥vil
#SocialMedia #RedesSociales
C√≥mo evaluar si una estrategia de MDM tiene sentido para su negocio. #InteligenciaArtificial #InternetdelasCosas #MachineLearning #RealidadAumentada #RealidadVirtual https://t.co/GOy58HSMoX",@Publi_AR,4/22/2022 15:10,es,,0,0,,Publi AR üì≤,#Publicidad #RealidadAumentada - Creador de Efectos para #Facebook #Instagram y Lente de #Snapchat WebAR - PWA #MarketingM√≥vil #RedesSociales hola@publiar.app,33787,1695,2638,228,FALSE,,
5.454545455,"#Tech Green time: the best eco-friendly tech and sustainable gadgets - Stuff https://t.co/ubRBrWzR9c 

#IoT #AI #VR #Metaverse #Gaming #Robotics #Renewables #programming #cloudcomputing  #developer #linux #python #coding #azure #software #it #javascript #machinelearning #Progra‚Ä¶",@PDH_SciTechNews,4/22/2022 15:10,en,,5,10,,Philip D Hughes,"Curating news across the cutting edge sectors of #IT #Tech #AI #VR #Coding #Digital #CyberSecurity #Gaming #IoT #Metaverse & #Marketing

JOB FEED PINNED BELOW",125080,9696,10111,84,FALSE,,
4.87804878,"#Python
#MachineLearning 
#Programming
#ChordProgression
I wrote a book on machine learning programming. This book shows how to create an AI that automatically generates chord progressions for music, and is free for Kindle Unlimited members.
https://t.co/xavtBSr2ca",@papakichi_bot,4/22/2022 15:12,en,,0,1,,papakichi@bot,"Technical professional/Weekend programmer/Kindle author. 
I'm proficient in python and manipulate machine learning programming. I love Kaggle!",187,16,2,0,FALSE,,
-1.923076923,"#Metaverse Slipknot launch their own metaverse known as the Knotverse - Louder https://t.co/A6a6vUr4bv 

#nft #crypto #meta #virtualreality  #facebook #Programming #coding #python #java #Analytics #BigData #AI #Python #ML #Serverless #MachineLearning #Devops #SQL #DataScientist‚Ä¶",@PDH_SciTechNews,4/22/2022 15:36,en,,0,4,,Philip D Hughes,"Curating news across the cutting edge sectors of #IT #Tech #AI #VR #Coding #Digital #CyberSecurity #Gaming #IoT #Metaverse & #Marketing

JOB FEED PINNED BELOW",125080,9696,10111,84,FALSE,,
0,"#MachineLearning with #PyTorch and Scikit-Learn 
.
.
https://t.co/KWpDPeXeBZ 
#ai #fintech #machinelearning #metaverse #artificialintelligence #deeplearning #iot",@aneesmerchant,4/22/2022 15:16,en,,1,0,,Anees Merchant,"Global Business Head - Digital & Applied AI firm, Author, Speaker, Blogger, & Podcast Host. Views are personal & nothing to do with my professional association",8034,779,818,111,FALSE,,
2.43902439,"#KNIME offers a #lowcode approach to applying advanced #machinelearning algorithms to classic marketing problems. Join data scientist @DMR_Rosaria and marketing Professor @Pancho273 on April 26 for a #freewebinar to learn more! https://t.co/5hqvjQBHlm

#marketinganalytics https://t.co/MaFCGMCHQ7",@knime,4/22/2022 15:10,en,,0,0,,KNIME,"KNIME helps individuals and organizations make sense of data.

 https://t.co/KW1gHX4xU8

#lowcode #nocode",14783,70,7246,914,FALSE,,
0,"#FinTech Why Apple Has Acquired a UK Open Banking Fintech Firm - International Banker https://t.co/rhQxTZSu3K

#blockchain #finance #bitcoin #cryptocurrency #crypto #programming #cloudcomputing  #developer #azure #software #it #javascript #machinelearning #Programming #coding #‚Ä¶",@PDH_SciTechNews,4/22/2022 15:26,en,,0,3,,Philip D Hughes,"Curating news across the cutting edge sectors of #IT #Tech #AI #VR #Coding #Digital #CyberSecurity #Gaming #IoT #Metaverse & #Marketing

JOB FEED PINNED BELOW",125080,9696,10111,84,FALSE,,
0,"#FinTech SEON Raises US$94mn in Series B Mega Round - FinTech Magazine  https://t.co/58hEYC9AUX

#blockchain #finance #bitcoin #cryptocurrency #crypto #programming #cloudcomputing  #developer #azure #software #it #javascript #machinelearning #Programming #coding #python #java",@PDH_SciTechNews,4/22/2022 15:21,en,,1,3,,Philip D Hughes,"Curating news across the cutting edge sectors of #IT #Tech #AI #VR #Coding #Digital #CyberSecurity #Gaming #IoT #Metaverse & #Marketing

JOB FEED PINNED BELOW",125080,9696,10111,84,FALSE,,
-2.127659574,"#FinTech How AI-Powered tech is transforming the credit risk process - FinTech Magazine  https://t.co/DP1YnWG6sD

#blockchain #finance #bitcoin #cryptocurrency #crypto #programming #cloudcomputing  #developer #azure #software #it #javascript #machinelearning #Programming #codin‚Ä¶",@PDH_SciTechNews,4/22/2022 15:11,en,,1,3,,Philip D Hughes,"Curating news across the cutting edge sectors of #IT #Tech #AI #VR #Coding #Digital #CyberSecurity #Gaming #IoT #Metaverse & #Marketing

JOB FEED PINNED BELOW",125080,9696,10111,84,FALSE,,
4.444444444,"#FinTech Fintech win for Leeds digital agency - Prolific North https://t.co/wvqyQVsS6R

#blockchain #finance #bitcoin #cryptocurrency #crypto #programming #cloudcomputing  #developer #azure #software #it #javascript #machinelearning #Programming #coding #python #java",@PDH_SciTechNews,4/22/2022 15:21,en,,0,4,,Philip D Hughes,"Curating news across the cutting edge sectors of #IT #Tech #AI #VR #Coding #Digital #CyberSecurity #Gaming #IoT #Metaverse & #Marketing

JOB FEED PINNED BELOW",125080,9696,10111,84,FALSE,,
0,"#FinTech Fintech in Turkey: Regulation &amp; Competition Law Update - Lexology https://t.co/0I01YJwxrT

#blockchain #finance #bitcoin #cryptocurrency #crypto #programming #cloudcomputing  #developer #azure #software #it #javascript #machinelearning #Programming #coding #python #java",@PDH_SciTechNews,4/22/2022 15:41,en,,0,4,,Philip D Hughes,"Curating news across the cutting edge sectors of #IT #Tech #AI #VR #Coding #Digital #CyberSecurity #Gaming #IoT #Metaverse & #Marketing

JOB FEED PINNED BELOW",125080,9696,10111,84,FALSE,,
0,"#FinTech Careem enters FinTech sector with a digital wallet and peer-to-peer transfers - The National https://t.co/yc8BeXttPJ

#blockchain #finance #bitcoin #cryptocurrency #crypto #programming #cloudcomputing  #developer #azure #software #it #javascript #machinelearning #Progr‚Ä¶",@PDH_SciTechNews,4/22/2022 15:41,en,,0,2,,Philip D Hughes,"Curating news across the cutting edge sectors of #IT #Tech #AI #VR #Coding #Digital #CyberSecurity #Gaming #IoT #Metaverse & #Marketing

JOB FEED PINNED BELOW",125080,9696,10111,84,FALSE,,
8,"#Devops Torry Harris wins DevOps excellence award for the best AIOps/MLOps tool USA - English - USA - English - PR Newswire https://t.co/9FqgWAtYyZ 

#programming #cloudcomputing  #developer #linux #python #coding #azure #software #it #javascript #machinelearning #Programming #‚Ä¶",@PDH_SciTechNews,4/22/2022 15:24,en,,0,5,,Philip D Hughes,"Curating news across the cutting edge sectors of #IT #Tech #AI #VR #Coding #Digital #CyberSecurity #Gaming #IoT #Metaverse & #Marketing

JOB FEED PINNED BELOW",125080,9696,10111,84,FALSE,,
0,#DataScience #AI #MachineLearning https://t.co/cROrHJt6ad,@MichaelMallari,4/22/2022 15:33,und,,0,0,,Michael Mallari,"@Columbia AI/ML (MS), @UofMaryland @SmithSchool MBA ‚Ä¢ @NYCMarathon Finisher ‚Ä¢ Bassist/Guitarist, 1 Samuel 16:23 #Jesus ‚Ä¢ Queens NYC-bred ‚Ä¢ Personal Opinions",20534,809,339,30,FALSE,,
0,"#AI boosts education: AI tutor guides more people to complete courses 

https://t.co/ZY0belnGyX v/ @MIXED_en

#Edtech #MachineLearning
Cc @jblefevre60 @PawlowskiMario @SpirosMargaris @HaroldSinnott @mclynd @mvollmer1 @Fabriziobustama @MargaretSiegien https://t.co/apd5Bta2Dg",@ipfconline1,4/22/2022 15:32,en,,0,0,,ipfconline üá∫üá¶,"Digital Transformation Consulting 
#AI #MachineLearning #DeepLearning 
#DataScience #AIEthics
#EdgeComputing #Fintech
#DigitalMarketing",207459,111773,122050,7737,FALSE,,
4,"#AI 's #future is packed with promise &amp; potential pitfalls 

#ArtificialIntelligence¬†#Algorithm¬†#ethics #ML #MachineLearning #tech

 https://t.co/WG4cijfMOG https://t.co/y9wGIBXa9R",@andresvilarino,4/22/2022 15:12,en,,1,0,,Andres Vilari√±o,"Do something today that your future self will thank you for.
#MIBer de @ISDI_edu

Instagram: @andresvilarino

https://t.co/ha7QHPHsZi",68722,5382,5604,94,FALSE,,
0,"#AI #MachineLearning 
https://t.co/k2W4ZZKbz1",@theomitsa,4/22/2022 15:23,und,,1,0,,Theophano Mitsa ‚ò¶Ô∏èüá¨üá∑üá∫üá∏,"Data scientist, Ph.D., book author, inventor (11 patents). I love the truth. #Medicare4all  #DataScience  #DeepLearning, #machinelearning, #python, #rstats",11895,6080,5915,32,FALSE,,
3.225806452,"""Managing one #database is always better than two."" Read the recently published report by @esg_global's Mike Leone on #MachineLearning with @MySQL HeatWave. https://t.co/RD1LpzXMsb https://t.co/Y2nMG8K5rx",@Ivan_RodAc,4/22/2022 15:38,en,,0,0,,üá≤üáΩIvan RodAcüá≤üáΩ,Un d√≠a m√°s...,2052,239,43,2,FALSE,,
,,,,,,,,,,,,,,,,,
,,,,,,,,,,,,,,,,,
,,,,,,,,,,,,,,,,,
0.945923113,,,,,,,,,,,,,,,,,
